activity_id,module_id,order,week,title,competency_code,is_performance_task,lesson_goal,before_hook,watch_for,video_slot,video_candidate,video_preview_note,video_status,video_title,video_channel,video_runtime,video_url,after_bridge,activity_brief,submission_type,tool,ai_note,rubric,rubric_total
G9-A1.1,G9-M1,1,Week 1,How Film Speaks,G9T1-2,no,"I want you to see that film has a grammar of shots and cuts, and to name three craft choices in a scene and what each one made you feel.","Every film you love spoke to you in a language you never studied. A close up that made your chest tight. A cut that made you laugh before you knew why. That was not luck. Someone chose it. Today I want to hand you the grammar behind those choices, because once you see it, you cannot unsee it, and that is the eye every filmmaker needs.","What does the camera show you up close, and why that thing and not something else? | When the shot changes, what changes in how you feel? | Can you point to one moment where the picture told the story with no words at all?","Film language and shot types, 5 to 15 minutes, English.","StudioBinder, The Shot List, Episode 2. This is the compliant episode. The shot sizes episode (12:43) and camera angles episode (13:31) both run longer, so use those only if you want them at the 15 minute cap.","This one is verified free, English, 8:33, and clean. Still give it one look before embedding, since only your eyes confirm it suits your class.",LOCKED. Fully verified by research.,"Camera Framing: Shot Composition & Cinematography Techniques Explained [The Shot List, Ep 2]",StudioBinder,"8:33, confirmed",https://www.youtube.com/watch?v=qQNiqzuXjoM,"So film has grammar. Shots are the words. Cuts are the punctuation. Angles and framing are the tone of voice. A filmmaker who cannot see these choices cannot make them on purpose. From today, you are learning to watch like a maker, not just a viewer.","I want you to watch any one scene from any film you already like. In 5 to 7 sentences, name three choices the filmmaker made with the camera or the cut, and say what each choice made you feel. Do not summarize the plot. Talk only about the craft. For example, do not tell me the hero escaped. Tell me the low angle made the hero look powerful as he ran.",Short text,"None needed. This one is about training your eye, not using a tool.",,"Names three real craft choices (4) | Links each choice to a feeling (3) | Stays on craft, not plot (3)",10
G9-A1.2,G9-M1,2,Week 2,Genre in One Pass,G9T1-1,no,"I want you to recognize film genres from how a film looks and sounds, not just from its story, so you know the rules you will later break.","Genre is a promise. When a film opens dark and quiet, you brace for horror. When it opens bright with bouncy music, you expect comedy or romance. You already read these signals without thinking. Today I want to make that skill conscious, because a filmmaker who knows the rules of a genre can play with them, honor them, or break them on purpose.","What signals tell you the genre in the first minute? | What does each genre promise the audience? | Which genre would you most want to make, and why?","Overview of common film genres, 5 to 15 minutes, English.",StudioBinder genre explainer. Strong fit for recognizing genre from look and sound.,"Preview before embedding. It uses brief horror and crime clips, for example Scream, as examples. Confirm those clips suit your Grade 9 group and the runtime fits.",SELECTED. Preview to confirm runtime and clips.,"Movie Genres Explained, Types of Films and the Art of Subverting Film Genres",StudioBinder,Not confirmed to the second. Confirm it lands in range.,https://www.youtube.com/watch?v=rDVVE8ZHJ3o,"So genre is a set of rules the audience already knows by heart. You do not need to memorize every genre. You need to recognize the signals, because those signals are tools. When you make your own films, you will reach for them on purpose.","I want you to pick three films you know and name the genre of each in one line. Then choose one of them and write 3 to 4 sentences on how you could tell its genre from the way it looked and sounded, not from the story. Talk about color, music, pacing, or mood.",Short text,None needed.,,"Correctly names three genres (3) | Explains genre from look and sound (4) | Clear and specific, not vague (3)",10
G9-A1.3,G9-M1,3,Week 3,Seeing Like a Filipino Filmmaker,G9T1-1,no,"I want you to study one Filipino film or short and take one technique you can use in your own work, so you build a local reference library instead of memorizing trivia.","Filipino filmmakers have solved hard problems with small budgets for decades. That is a treasure chest for you. Today I do not want you to memorize names and dates. I want you to watch one Filipino work, see how one moment was built, and steal that technique for yourself. That is how real craft grows.","What is one thing this filmmaker did that you could copy? | How did they use a small space, a real location, or natural light? | What feeling did they create, and with what tool?","One clip from a Filipino film, 5 to 15 minutes, showing one clear technique.","Sagip Pelikula hosts restored films by National Artists for Film, including work by Marilou Diaz-Abaya, Eddie Romero, and Gerry de Leon. Viddsee is a backup source of festival films. Raising the cap to 15 minutes makes strong Filipino shorts usable.","This is the one slot where I hand you the shelf, not the book. These films carry mature themes, so I cannot pre-clear a clip. Choose a scene that shows one clear technique, and preview it closely for your Grade 9 class before embedding.",SOURCE SELECTED. You pick and clear the exact clip.,Choose one 5 to 15 minute scene showing a single copyable technique.,ABS-CBN Sagip Pelikula on YouTube,"Your chosen clip, up to 15 minutes.",Pull from the Sagip Pelikula channel. It hosts restored National Artist films legally and free.,"So you now have one real technique in your pocket, taken from a Filipino filmmaker. That is worth more than a list of titles you would forget by next week. You watched, you saw how it was built, and you made it yours.","I want you to name one technique from the film we watched, describe it in 3 to 4 sentences, and say exactly how you would use it in your own future film. Be specific. Do not say the lighting was nice. Say how the filmmaker used a single window as their only light source, and how you would try the same in your own home.",Short text,None needed.,,Identifies one real technique (4) | Describes how it worked (3) | Plans a personal use for it (3),10
G9-A1.4,G9-M1,4,Weeks 4 to 5,The Critique,G9T1-3,yes,"I want you to write a real film critique: a clear verdict backed by craft evidence, drafted alone, sharpened against an agent, then revised into your best work.","This is your first real output. A film critique is not a summary. It is you, using the eye you built over three weeks, judging how a film was made and whether it works. Film schools and employers respect a person who can watch closely and argue clearly. That skill starts here.","What is the film trying to do? | Which craft choices help it, and which hurt it? | What is my honest verdict, and can I defend it?","Optional model on how to structure a film critique, 5 to 15 minutes, English.",Editors of a leading film magazine explain how a review is built. Reputable and clean.,Optional lesson. Preview before embedding to confirm the runtime fits.,SELECTED. Optional. Preview to confirm runtime.,"The Sight and Sound team on how to write a film review, BFI Behind the scenes","BFI, British Film Institute",Not confirmed to the second. BFI Behind the scenes clips run short.,https://www.youtube.com/watch?v=3ox8qvfqI-4,"So a critique is an argument backed by craft evidence. You make a claim about the film, then you prove it with what you saw on screen. That is the same skill a lawyer, a scientist, and a filmmaker all share. You state a position and you back it.","I want you to choose one short film or one full length film. Write a critique of 300 to 400 words. Make a clear verdict and back it with at least three craft choices you noticed. First write your own draft with no help at all. Then use a free AI agent as a sparring partner: paste your draft and ask it to attack your weakest argument. Read what it says. Keep what is fair. Reject what is wrong. Then revise. Submit a link to a document that shows both your first draft and your final version, so I can see how your thinking grew.",Link,"A free writing tool like Google Docs for the document and the shareable link. A free AI chat agent for the sparring step, run through my teacher account or as a class demo, since these tools have age rules for minors. I will confirm the exact agent and its rules in Research mode.","You write first, alone. The agent only challenges your draft. You decide what to keep. The argument stays yours. An agent that writes your critique for you has robbed you of the one skill this whole term is building.",Clear verdict on the film (5) | Three or more craft choices as evidence (6) | Argument holds together (4) | Revision shows real improvement (3) | Meets length and submits both drafts (2),20
G10-A1.1,G10-M1,1,Week 1,"Story Structure, the Spine",G10T1-2,no,"I want you to see the shape under every story, the hook, the rising stakes, and the payoff, and to break a story you know into those three parts.","Every story you remember has a shape. A beginning that pulls you in. A middle that raises the stakes. An end that pays off. That shape is structure, and it is the spine of every screenplay ever written. Without it, a story just wanders and the audience drifts away. Today I want you to feel that spine, because once you feel it, you can build any story on it.",Where does this story hook you? | How do the stakes rise in the middle? | How does the ending pay off the beginning?,"Basic story structure, the three act shape, 5 to 15 minutes, English.","Beginner three act explainer. Note, the StudioBinder three act video is excellent but runs about 26 minutes, too long even at the 15 minute cap, so I did not choose it. If this pick falls outside 5 to 15 minutes, tell me and I will find a mid length replacement.",Preview before embedding. Confirm the runtime fits and it is clear enough for Grade 10.,SELECTED. Preview to confirm runtime.,How To Write A 3 Act Structure For Film,Confirm on the video page.,Not confirmed to the second. Confirm it lands in range.,https://www.youtube.com/watch?v=1EO7aDRuDws,"So structure is the spine that holds a story upright. Hook, rising stakes, payoff. Beginning, middle, end. It sounds simple, and it is, but almost every weak story fails right here. Master this shape and you are ahead of most beginners.","I want you to take any story you know well, a film or a folk tale, and break it into beginning, middle, and end in 5 to 7 sentences. Name the hook that pulls you in, the rising stakes in the middle, and the payoff at the end. Show me you can see the spine.",Short text,None needed.,,Three parts clearly named (4) | Hook and payoff identified (3) | Rising stakes explained (3),10
G10-A1.2,G10-M1,2,Week 2,"Character and Want, the Engine",G10T1-2,no,I want you to build a character the audience cares about by giving them a clear want and a real obstacle.,"A story moves because someone wants something and cannot easily get it. That want is the engine. A character with no clear want is a character no one cares about. Your strongest ideas often come from found stories, real moments from your own life that you reshape into fiction. Today you build a character with a beating heart.",What does the main character want? | What stands in their way? | How does the want drive every choice they make?,"Character want and motivation, 5 to 15 minutes, English.","Directly addresses why audiences care about a character through motivation and desire, with film examples. Clean and educational.",Preview before embedding. Confirm the runtime fits.,SELECTED. Preview to confirm runtime.,"The Secret to a Great Character, How to Write Character Motivation",StudioBinder,Not confirmed to the second. Confirm it lands in range.,https://www.youtube.com/watch?v=G_7AWxJLBRc,"So character is the engine and want is the fuel. Give a character a clear want and a real obstacle, and your story almost writes itself, because every scene becomes the character trying to get what they want and hitting a wall. That is drama.","I want you to invent one character in 5 to 7 sentences. Name what they want, what blocks them, and why the audience should care. You can base them on a real person you reshape into fiction. Make the want specific. Do not say they want to be happy. Say they want to win the barangay basketball trophy their late father never won.",Short text,None needed.,,Clear character want (4) | Real obstacle named (3) | Reason to care (3),10
G10-A1.3,G10-M1,3,Week 3,Owning Your Voice,G10T1-1,no,"I want you to understand why your own voice is your value, and to set your own honest rule for using an AI agent in your writing.",Anyone can now generate a script with one click. That is exactly why your own voice is worth more than ever. Originality is not just about honesty. It is your career edge. A writer whose voice is provably their own is the one who gets hired. Plagiarism and lazy agent use throw that edge away. Today you decide what kind of writer you will be.,What makes a writer's voice their own? | Where is the line between inspiration and copying? | How can an agent help you without stealing your voice?,"Originality, plagiarism, and honest AI use in writing, 5 to 15 minutes, English.","Defines several types of plagiarism, including AI plagiarism and patchwriting, and argues for doing your own writing. Made by an academic library, so it is educational and not a sales pitch for any AI tool. Exactly right for this lesson.",Preview before embedding. Confirm the runtime fits.,SELECTED. Preview to confirm runtime.,"Plagiarism, AI, and Writing it Yourself: No Brain, No Gain!","Montgomery Library, Campbellsville University",Not confirmed to the second. Confirm it lands in range.,https://www.youtube.com/watch?v=WlIo2TGS26I,"So your voice is your value. Use an agent as a tool that serves your voice, never as a replacement for it. The writer who owns their voice owns their future. The one who lets a machine write for them has nothing to sell that a machine cannot already give away for free.","I want you to write 5 to 7 sentences on what makes your writing voice yours. Think about how you see the world, the stories only you could tell, the way you use words. Then state one clear rule you will follow for using an AI agent honestly in your own screenwriting this term.",Short text,"None needed. This lesson is about AI ethics itself, so you write it in your own words with no agent.",,Describes own voice (4) | States an honest AI rule (4) | Thoughtful and personal (2),10
G10-A1.4,G10-M1,4,Week 4,Format and Tool,G10T1-2,no,"I want you to write one short scene in correct screenplay format using a free tool, so your story looks professional to any reader.","A brilliant story in the wrong format gets thrown out unread in the real world. Screenplay format is a professional standard, and following it signals that you are serious. The good news is that free tools handle the formatting for you, so you can focus on the story while the tool handles the margins and the capital letters. Today you learn the uniform of a professional writer.","What does a proper screenplay page look like? | How are scene headings, action, and dialogue laid out? | How does a free tool handle the format for you automatically?","Screenplay format basics, 5 to 15 minutes, English, ideally naming a free tool.",StudioBinder format videos name their own free screenwriting tool and now fit at the 15 minute cap. Pick the one focused on the basic elements of format. WriterDuet free or Celtx free also work as the tool students use.,"Preview before embedding. Confirm it teaches format clearly, names a free tool, and fits the time window.",SOURCE SELECTED. Confirm the specific episode.,A StudioBinder screenplay formatting explainer.,StudioBinder,Raising the cap to 15 minutes makes StudioBinder's format videos usable.,Choose a StudioBinder screenplay format video that names a free tool and fits 5 to 15 minutes.,"So format is the uniform of a professional writer. A free tool puts it on for you. Now nothing stands between your story and a reader. They open your pages, they see a real screenplay, and they take you seriously before they read a single line.","I want you to write one short scene, about half a page, in correct screenplay format using a free screenwriting tool. Include a scene heading, action lines, and at least two lines of dialogue. Do not worry about a perfect story here. Worry about clean, correct format. Submit it as a link.",Link,"A free screenwriting tool, confirmed in Research mode. Google Docs can also hold the shareable link. Your Google Docs skills, like page breaks and headings, fold in here naturally.",,Correct scene heading (3) | Proper action and dialogue format (4) | Clean and readable (3),10
G10-A1.5,G10-M1,5,Weeks 5 to 6,The Screenplay,G10T1-2,yes,"I want you to write a short screenplay in correct format, built on a clear structure and a wanting character, then test its dialogue against an agent and revise it into a portfolio piece.","This is your output for the term. You will write a short screenplay using everything you learned: structure, character, format, and your own voice. A short, tight, well formatted screenplay that you wrote yourself is a real portfolio piece. You could submit it to a workshop, a contest, or a school. Let us make it something you are proud of.",Does my story have a clear spine? | Does my character want something real? | Does my dialogue sound like a person actually talking?,"Optional model of a well written short screenplay, 5 to 15 minutes, English.","Search filmmaker education channels for a short script breakdown, 5 to 15 minutes, English, and apply the same rules.",Optional and currently open. The screenplay task does not depend on it.,OPEN. Left unfilled on purpose.,Not selected yet.,To be chosen.,n/a,"No confirmed pick. This slot is optional, so I would rather ship the term without it than force a weak choice. We can add a short script breakdown later.","So you wrote a real screenplay, structured and formatted, in your own voice. That is a piece you can show the world. Most people your age have never finished one. You just did. That is what competitive looks like.","I want you to write a short screenplay of 2 to 4 pages in correct format using a free tool. Build it on a clear structure and a character with a real want. First write your own draft. Then use a free AI agent to test one thing only: does your dialogue sound performable when read aloud. Keep the notes that help. Reject the rest. Then revise. Submit a link showing your outline, your first draft, and your final version.",Link,"A free screenwriting tool plus a free AI chat agent for the dialogue test, run through my teacher account or as a class demo due to age rules. I will confirm both in Research mode.",You outline and write alone. The agent only tests whether the dialogue sounds performable. You decide what to change. The screenplay stays yours. Follow the honest rule you wrote in Week 3.,Clear structure (5) | Character with a real want (4) | Correct format (4) | Performable dialogue (4) | Revision and full submission (3),20
